{
    "_ColorR": 1.0,
    "_ColorG": 1.0,
    "_ColorB": 1.0,
    "_RampLevels": 6.0,
    "_LightScalar": 1.0199999809265137,
    "_HighColorR": 1.0,
    "_HighColorG": 1.0,
    "_HighColorB": 1.0,
    "_HighIntensity": 1.2999999523162842,
    "_LowColorR": 1.0,
    "_LowColorG": 1.0,
    "_LowColorB": 1.0,
    "_LowIntensity": 0.1599999964237213,
    "_OutlineColorR": 0.0,
    "_OutlineColorG": 0.0,
    "_OutlineColorB": 0.0,
    "_OutlineSize": 24.700000762939454,
    "_RimColorR": 1.0,
    "_RimColorG": 1.0,
    "_RimColorB": 1.0,
    "_RimAlpha": 0.041999999433755878,
    "_RimPower": 0.0820000022649765,
    "_RimDropOff": 0.18799999356269837,
    "_FresnelColorR": 0.7896493077278137,
    "_FresnelColorG": 0.9905659556388855,
    "_FresnelColorB": 0.971906840801239,
    "_FresnelBrightness": 0.020999999716877939,
    "_FresnelPower": 0.06199999898672104,
    "_FresnelShadowDropoff": 0.09200000017881394,
    "_GradYCap": 2.4000000953674318,
    "_GradIntensity": 0.3970000147819519
}