{
    "_ColorR": 1.0,
    "_ColorG": 1.0,
    "_ColorB": 1.0,
    "_RampLevels": 4.0,
    "_LightScalar": 1.1100000143051148,
    "_HighColorR": 1.0,
    "_HighColorG": 1.0,
    "_HighColorB": 1.0,
    "_HighIntensity": 3.0,
    "_LowColorR": 1.0,
    "_LowColorG": 1.0,
    "_LowColorB": 1.0,
    "_LowIntensity": 0.800000011920929,
    "_OutlineColorR": 0.0,
    "_OutlineColorG": 0.0,
    "_OutlineColorB": 0.0,
    "_OutlineSize": 24.700000762939454,
    "_RimColorR": 1.0,
    "_RimColorG": 1.0,
    "_RimColorB": 1.0,
    "_RimAlpha": 0.0,
    "_RimPower": 0.49000000953674319,
    "_RimDropOff": 0.0,
    "_FresnelColorR": 0.7896493077278137,
    "_FresnelColorG": 0.9905659556388855,
    "_FresnelColorB": 0.971906840801239,
    "_FresnelBrightness": 0.23000000417232514,
    "_FresnelPower": 0.023000000044703485,
    "_FresnelShadowDropoff": 0.6949999928474426,
    "_GradYCap": 2.4000000953674318,
    "_GradIntensity": 0.3970000147819519
}