{
    "_ColorR": 1.0,
    "_ColorG": 1.0,
    "_ColorB": 1.0,
    "_RampLevels": 5.0,
    "_LightScalar": 1.0499999523162842,
    "_HighColorR": 1.0,
    "_HighColorG": 1.0,
    "_HighColorB": 1.0,
    "_HighIntensity": 1.5,
    "_LowColorR": 1.0,
    "_LowColorG": 1.0,
    "_LowColorB": 1.0,
    "_LowIntensity": 1.0,
    "_OutlineColorR": 0.0,
    "_OutlineColorG": 0.0,
    "_OutlineColorB": 0.0,
    "_OutlineSize": 85.70999908447266,
    "_RimColorR": 0.8160377144813538,
    "_RimColorG": 1.0,
    "_RimColorB": 0.9600934386253357,
    "_RimAlpha": 0.05700000002980232,
    "_RimPower": 0.4650000035762787,
    "_RimDropOff": 0.0,
    "_FresnelColorR": 0.6179245114326477,
    "_FresnelColorG": 1.0,
    "_FresnelColorB": 0.9606127142906189,
    "_FresnelBrightness": 0.029999999329447748,
    "_FresnelPower": 0.0,
    "_FresnelShadowDropoff": 0.0,
    "_GradYCap": 1.0,
    "_GradIntensity": 0.30000001192092898
}